año,trimestre,provincia,accesos_tv_por_suscripción_(vrf)
2024,1,Buenos Aires,3000167
2024,1,Capital Federal,705786
2024,1,Catamarca,51061
2024,1,Chaco,116721
2024,1,Chubut,77969
2024,1,Córdoba,1125896
2024,1,Corrientes,125516
2024,1,Entre Ríos,256665
2024,1,Formosa,95511
2024,1,Jujuy,120590
2024,1,La Pampa,80190
2024,1,La Rioja,23344
2024,1,Mendoza,140185
2024,1,Misiones,131919
2024,1,Neuquén,65311
2024,1,Río Negro,96041
2024,1,Salta,222358
2024,1,San Juan,38482
2024,1,San Luis,60326
2024,1,Santa Cruz,39941
2024,1,Santa Fe,703120
2024,1,Santiago Del Estero,147930
2024,1,Tierra Del Fuego,45721
2024,1,Tucumán,130749
2023,4,Buenos Aires,3030594
2023,4,Capital Federal,718322
2023,4,Catamarca,52242
2023,4,Chaco,117091
2023,4,Chubut,78209
2023,4,Córdoba,1125889
2023,4,Corrientes,126552
2023,4,Entre Ríos,258235
2023,4,Formosa,78698
2023,4,Jujuy,120720
2023,4,La Pampa,81520
2023,4,La Rioja,24095
2023,4,Mendoza,144402
2023,4,Misiones,133489
2023,4,Neuquén,66927
2023,4,Río Negro,98317
2023,4,Salta,218119
2023,4,San Juan,41603
2023,4,San Luis,52978
2023,4,Santa Cruz,42135
2023,4,Santa Fe,704457
2023,4,Santiago Del Estero,158573
2023,4,Tierra Del Fuego,45673
2023,4,Tucumán,131969
2023,3,Buenos Aires,3019720
2023,3,Capital Federal,730235
2023,3,Catamarca,56378
2023,3,Chaco,120942
2023,3,Chubut,79587
2023,3,Córdoba,1147976
2023,3,Corrientes,140356
2023,3,Entre Ríos,233002
2023,3,Formosa,75707
2023,3,Jujuy,123351
2023,3,La Pampa,82216
2023,3,La Rioja,35194
2023,3,Mendoza,143748
2023,3,Misiones,141519
2023,3,Neuquén,75294
2023,3,Río Negro,104307
2023,3,Salta,219130
2023,3,San Juan,44567
2023,3,San Luis,48751
2023,3,Santa Cruz,41366
2023,3,Santa Fe,754992
2023,3,Santiago Del Estero,149724
2023,3,Tierra Del Fuego,45759
2023,3,Tucumán,129914
2023,2,Buenos Aires,3129739
2023,2,Capital Federal,819774
2023,2,Catamarca,54376
2023,2,Chaco,124447
2023,2,Chubut,76929
2023,2,Córdoba,1213542
2023,2,Corrientes,146973
2023,2,Entre Ríos,240513
2023,2,Formosa,76360
2023,2,Jujuy,122165
2023,2,La Pampa,82353
2023,2,La Rioja,26153
2023,2,Mendoza,142785
2023,2,Misiones,146236
2023,2,Neuquén,85532
2023,2,Río Negro,103057
2023,2,Salta,226114
2023,2,San Juan,42086
2023,2,San Luis,48514
2023,2,Santa Cruz,39293
2023,2,Santa Fe,781228
2023,2,Santiago Del Estero,157347
2023,2,Tierra Del Fuego,45463
2023,2,Tucumán,145421
2023,1,Buenos Aires,3026183
2023,1,Capital Federal,754663
2023,1,Catamarca,53881
2023,1,Chaco,119111
2023,1,Chubut,77341
2023,1,Córdoba,1155500
2023,1,Corrientes,139742
2023,1,Entre Ríos,230874
2023,1,Formosa,74716
2023,1,Jujuy,120974
2023,1,La Pampa,82416
2023,1,La Rioja,25228
2023,1,Mendoza,140688
2023,1,Misiones,143074
2023,1,Neuquén,77665
2023,1,Río Negro,106875
2023,1,Salta,215732
2023,1,San Juan,42465
2023,1,San Luis,48348
2023,1,Santa Cruz,36161
2023,1,Santa Fe,758047
2023,1,Santiago Del Estero,155373
2023,1,Tierra Del Fuego,44735
2023,1,Tucumán,140620
2022,4,Buenos Aires,2965696
2022,4,Capital Federal,738948
2022,4,Catamarca,54332
2022,4,Chaco,124007
2022,4,Chubut,80548
2022,4,Córdoba,1144232
2022,4,Corrientes,138275
2022,4,Entre Ríos,232681
2022,4,Formosa,68178
2022,4,Jujuy,118439
2022,4,La Pampa,84533
2022,4,La Rioja,24198
2022,4,Mendoza,135969
2022,4,Misiones,144537
2022,4,Neuquén,75837
2022,4,Río Negro,106441
2022,4,Salta,216928
2022,4,San Juan,39665
2022,4,San Luis,48667
2022,4,Santa Cruz,36885
2022,4,Santa Fe,765310
2022,4,Santiago Del Estero,153651
2022,4,Tierra Del Fuego,44077
2022,4,Tucumán,137991
2022,3,Buenos Aires,2998021
2022,3,Capital Federal,743338
2022,3,Catamarca,52274
2022,3,Chaco,121771
2022,3,Chubut,80020
2022,3,Córdoba,1141181
2022,3,Corrientes,135711
2022,3,Entre Ríos,231102
2022,3,Formosa,68010
2022,3,Jujuy,116493
2022,3,La Pampa,74175
2022,3,La Rioja,24224
2022,3,Mendoza,133136
2022,3,Misiones,142905
2022,3,Neuquén,73768
2022,3,Río Negro,101277
2022,3,Salta,214522
2022,3,San Juan,39324
2022,3,San Luis,47371
2022,3,Santa Cruz,42088
2022,3,Santa Fe,758933
2022,3,Santiago Del Estero,151092
2022,3,Tierra Del Fuego,43869
2022,3,Tucumán,131326
2022,2,Buenos Aires,2994210
2022,2,Capital Federal,745194
2022,2,Catamarca,52137
2022,2,Chaco,122109
2022,2,Chubut,79115
2022,2,Córdoba,1141123
2022,2,Corrientes,132406
2022,2,Entre Ríos,230101
2022,2,Formosa,67339
2022,2,Jujuy,112372
2022,2,La Pampa,77942
2022,2,La Rioja,24062
2022,2,Mendoza,129894
2022,2,Misiones,142495
2022,2,Neuquén,75772
2022,2,Río Negro,107552
2022,2,Salta,213618
2022,2,San Juan,37356
2022,2,San Luis,47129
2022,2,Santa Cruz,42016
2022,2,Santa Fe,750117
2022,2,Santiago Del Estero,148501
2022,2,Tierra Del Fuego,42480
2022,2,Tucumán,132544
2022,1,Buenos Aires,2975672
2022,1,Capital Federal,745263
2022,1,Catamarca,47123
2022,1,Chaco,119743
2022,1,Chubut,77728
2022,1,Córdoba,1124246
2022,1,Corrientes,131173
2022,1,Entre Ríos,229140
2022,1,Formosa,67264
2022,1,Jujuy,109925
2022,1,La Pampa,78656
2022,1,La Rioja,23751
2022,1,Mendoza,120661
2022,1,Misiones,139738
2022,1,Neuquén,76008
2022,1,Río Negro,107854
2022,1,Salta,215980
2022,1,San Juan,34474
2022,1,San Luis,46491
2022,1,Santa Cruz,41803
2022,1,Santa Fe,744319
2022,1,Santiago Del Estero,145552
2022,1,Tierra Del Fuego,42756
2022,1,Tucumán,119507
2021,4,Buenos Aires,3002329
2021,4,Capital Federal,746094
2021,4,Catamarca,44924
2021,4,Chaco,117381
2021,4,Chubut,76640
2021,4,Córdoba,1118579
2021,4,Corrientes,116488
2021,4,Entre Ríos,229305
2021,4,Formosa,67396
2021,4,Jujuy,108333
2021,4,La Pampa,82376
2021,4,La Rioja,25613
2021,4,Mendoza,115618
2021,4,Misiones,139606
2021,4,Neuquén,76685
2021,4,Río Negro,111231
2021,4,Salta,206327
2021,4,San Juan,33497
2021,4,San Luis,46426
2021,4,Santa Cruz,41732
2021,4,Santa Fe,746848
2021,4,Santiago Del Estero,190841
2021,4,Tierra Del Fuego,42441
2021,4,Tucumán,110048
2021,3,Buenos Aires,2976570
2021,3,Capital Federal,745558
2021,3,Catamarca,43542
2021,3,Chaco,115548
2021,3,Chubut,74721
2021,3,Córdoba,1105454
2021,3,Corrientes,115700
2021,3,Entre Ríos,243917
2021,3,Formosa,66173
2021,3,Jujuy,107881
2021,3,La Pampa,81056
2021,3,La Rioja,20724
2021,3,Mendoza,112397
2021,3,Misiones,140488
2021,3,Neuquén,77903
2021,3,Río Negro,112180
2021,3,Salta,243234
2021,3,San Juan,34008
2021,3,San Luis,46357
2021,3,Santa Cruz,42248
2021,3,Santa Fe,824741
2021,3,Santiago Del Estero,190674
2021,3,Tierra Del Fuego,42452
2021,3,Tucumán,113366
2021,2,Buenos Aires,2933650
2021,2,Capital Federal,741498
2021,2,Catamarca,42816
2021,2,Chaco,117259
2021,2,Chubut,73909
2021,2,Córdoba,1072980
2021,2,Corrientes,112659
2021,2,Entre Ríos,222673
2021,2,Formosa,60625
2021,2,Jujuy,106450
2021,2,La Pampa,79718
2021,2,La Rioja,20282
2021,2,Mendoza,108664
2021,2,Misiones,140283
2021,2,Neuquén,78122
2021,2,Río Negro,111055
2021,2,Salta,195472
2021,2,San Juan,33726
2021,2,San Luis,45688
2021,2,Santa Cruz,42352
2021,2,Santa Fe,674967
2021,2,Santiago Del Estero,161926
2021,2,Tierra Del Fuego,42158
2021,2,Tucumán,114139
2021,1,Buenos Aires,2924732
2021,1,Capital Federal,740825
2021,1,Catamarca,42761
2021,1,Chaco,118321
2021,1,Chubut,73129
2021,1,Córdoba,1085427
2021,1,Corrientes,113093
2021,1,Entre Ríos,221612
2021,1,Formosa,60478
2021,1,Jujuy,106851
2021,1,La Pampa,80094
2021,1,La Rioja,19675
2021,1,Mendoza,106177
2021,1,Misiones,138117
2021,1,Neuquén,78320
2021,1,Río Negro,110693
2021,1,Salta,203905
2021,1,San Juan,33922
2021,1,San Luis,45583
2021,1,Santa Cruz,44241
2021,1,Santa Fe,686902
2021,1,Santiago Del Estero,159550
2021,1,Tierra Del Fuego,42034
2021,1,Tucumán,110506
2020,4,Buenos Aires,2973620
2020,4,Capital Federal,757638
2020,4,Catamarca,42098
2020,4,Chaco,118021
2020,4,Chubut,73236
2020,4,Córdoba,1073026
2020,4,Corrientes,111852
2020,4,Entre Ríos,216322
2020,4,Formosa,59584
2020,4,Jujuy,109703
2020,4,La Pampa,79521
2020,4,La Rioja,23695
2020,4,Mendoza,106491
2020,4,Misiones,138446
2020,4,Neuquén,79485
2020,4,Río Negro,111495
2020,4,Salta,203833
2020,4,San Juan,33755
2020,4,San Luis,45791
2020,4,Santa Cruz,44340
2020,4,Santa Fe,684675
2020,4,Santiago Del Estero,92329
2020,4,Tierra Del Fuego,42442
2020,4,Tucumán,111110
2020,3,Buenos Aires,2952288
2020,3,Capital Federal,741443
2020,3,Catamarca,40786
2020,3,Chaco,119932
2020,3,Chubut,65855
2020,3,Córdoba,1093908
2020,3,Corrientes,114038
2020,3,Entre Ríos,235140
2020,3,Formosa,60169
2020,3,Jujuy,109266
2020,3,La Pampa,79243
2020,3,La Rioja,19678
2020,3,Mendoza,104996
2020,3,Misiones,137953
2020,3,Neuquén,80161
2020,3,Río Negro,112475
2020,3,Salta,203833
2020,3,San Juan,33664
2020,3,San Luis,45793
2020,3,Santa Cruz,44577
2020,3,Santa Fe,690129
2020,3,Santiago Del Estero,91593
2020,3,Tierra Del Fuego,42403
2020,3,Tucumán,110110
2020,2,Buenos Aires,2915498
2020,2,Capital Federal,738178
2020,2,Catamarca,40214
2020,2,Chaco,117601
2020,2,Chubut,64113
2020,2,Córdoba,1098162
2020,2,Corrientes,111516
2020,2,Entre Ríos,218562
2020,2,Formosa,59290
2020,2,Jujuy,97761
2020,2,La Pampa,80878
2020,2,La Rioja,19297
2020,2,Mendoza,102654
2020,2,Misiones,142174
2020,2,Neuquén,79434
2020,2,Río Negro,111595
2020,2,Salta,202609
2020,2,San Juan,33129
2020,2,San Luis,45905
2020,2,Santa Cruz,43719
2020,2,Santa Fe,672663
2020,2,Santiago Del Estero,90102
2020,2,Tierra Del Fuego,41920
2020,2,Tucumán,97161
2020,1,Buenos Aires,2955174
2020,1,Capital Federal,741539
2020,1,Catamarca,39338
2020,1,Chaco,114564
2020,1,Chubut,67422
2020,1,Córdoba,1062830
2020,1,Corrientes,110100
2020,1,Entre Ríos,220527
2020,1,Formosa,59239
2020,1,Jujuy,97650
2020,1,La Pampa,79897
2020,1,La Rioja,18853
2020,1,Mendoza,103132
2020,1,Misiones,143352
2020,1,Neuquén,78339
2020,1,Río Negro,109833
2020,1,Salta,187051
2020,1,San Juan,30303
2020,1,San Luis,47659
2020,1,Santa Cruz,43321
2020,1,Santa Fe,670943
2020,1,Santiago Del Estero,88946
2020,1,Tierra Del Fuego,41493
2020,1,Tucumán,110406
2019,4,Buenos Aires,2824205
2019,4,Capital Federal,896441
2019,4,Catamarca,41031
2019,4,Chaco,114313
2019,4,Chubut,69894
2019,4,Córdoba,1113585
2019,4,Corrientes,109763
2019,4,Entre Ríos,220415
2019,4,Formosa,59153
2019,4,Jujuy,95103
2019,4,La Pampa,81047
2019,4,La Rioja,18979
2019,4,Mendoza,102375
2019,4,Misiones,144435
2019,4,Neuquén,76801
2019,4,Río Negro,110594
2019,4,Salta,189127
2019,4,San Juan,29520
2019,4,San Luis,48422
2019,4,Santa Cruz,47954
2019,4,Santa Fe,658150
2019,4,Santiago Del Estero,89885
2019,4,Tierra Del Fuego,41577
2019,4,Tucumán,113416
2019,3,Buenos Aires,2737691
2019,3,Capital Federal,862488
2019,3,Catamarca,40830
2019,3,Chaco,111542
2019,3,Chubut,70308
2019,3,Córdoba,1104134
2019,3,Corrientes,109035
2019,3,Entre Ríos,216331
2019,3,Formosa,59066
2019,3,Jujuy,91428
2019,3,La Pampa,82596
2019,3,La Rioja,20088
2019,3,Mendoza,103899
2019,3,Misiones,143508
2019,3,Neuquén,77398
2019,3,Río Negro,111471
2019,3,Salta,188437
2019,3,San Juan,30778
2019,3,San Luis,49555
2019,3,Santa Cruz,48075
2019,3,Santa Fe,655582
2019,3,Santiago Del Estero,89673
2019,3,Tierra Del Fuego,42866
2019,3,Tucumán,109911
2019,2,Buenos Aires,2687146
2019,2,Capital Federal,810521
2019,2,Catamarca,33085
2019,2,Chaco,108529
2019,2,Chubut,87680
2019,2,Córdoba,1063751
2019,2,Corrientes,108390
2019,2,Entre Ríos,211624
2019,2,Formosa,61107
2019,2,Jujuy,88550
2019,2,La Pampa,83122
2019,2,La Rioja,25887
2019,2,Mendoza,139687
2019,2,Misiones,141493
2019,2,Neuquén,79179
2019,2,Río Negro,108723
2019,2,Salta,185491
2019,2,San Juan,43355
2019,2,San Luis,53561
2019,2,Santa Cruz,52539
2019,2,Santa Fe,603033
2019,2,Santiago Del Estero,108956
2019,2,Tierra Del Fuego,45811
2019,2,Tucumán,117489
2019,1,Buenos Aires,2687325
2019,1,Capital Federal,789185
2019,1,Catamarca,33116
2019,1,Chaco,107090
2019,1,Chubut,90677
2019,1,Córdoba,1057252
2019,1,Corrientes,101354
2019,1,Entre Ríos,210247
2019,1,Formosa,56736
2019,1,Jujuy,87894
2019,1,La Pampa,81351
2019,1,La Rioja,25931
2019,1,Mendoza,140501
2019,1,Misiones,137541
2019,1,Neuquén,80031
2019,1,Río Negro,90118
2019,1,Salta,174728
2019,1,San Juan,44083
2019,1,San Luis,53561
2019,1,Santa Cruz,56833
2019,1,Santa Fe,599988
2019,1,Santiago Del Estero,109220
2019,1,Tierra Del Fuego,45852
2019,1,Tucumán,118638
2018,4,Buenos Aires,2670842
2018,4,Capital Federal,750996
2018,4,Catamarca,33545
2018,4,Chaco,99927
2018,4,Chubut,90602
2018,4,Córdoba,1056763
2018,4,Corrientes,102243
2018,4,Entre Ríos,208263
2018,4,Formosa,58868
2018,4,Jujuy,98704
2018,4,La Pampa,81403
2018,4,La Rioja,24839
2018,4,Mendoza,117382
2018,4,Misiones,137821
2018,4,Neuquén,80025
2018,4,Río Negro,91252
2018,4,Salta,176841
2018,4,San Juan,43605
2018,4,San Luis,55183
2018,4,Santa Cruz,56941
2018,4,Santa Fe,599124
2018,4,Santiago Del Estero,105239
2018,4,Tierra Del Fuego,46184
2018,4,Tucumán,125380
2018,3,Buenos Aires,2698193
2018,3,Capital Federal,755552
2018,3,Catamarca,83185
2018,3,Chaco,99165
2018,3,Chubut,89855
2018,3,Córdoba,1077148
2018,3,Corrientes,101211
2018,3,Entre Ríos,206993
2018,3,Formosa,59888
2018,3,Jujuy,91767
2018,3,La Pampa,83258
2018,3,La Rioja,24018
2018,3,Mendoza,117513
2018,3,Misiones,135350
2018,3,Neuquén,80391
2018,3,Río Negro,95213
2018,3,Salta,176000
2018,3,San Juan,45075
2018,3,San Luis,55302
2018,3,Santa Cruz,56779
2018,3,Santa Fe,630700
2018,3,Santiago Del Estero,108875
2018,3,Tierra Del Fuego,46296
2018,3,Tucumán,125823
2018,2,Buenos Aires,2662857
2018,2,Capital Federal,742742
2018,2,Catamarca,78493
2018,2,Chaco,108493
2018,2,Chubut,74729
2018,2,Córdoba,1114481
2018,2,Corrientes,100369
2018,2,Entre Ríos,211237
2018,2,Formosa,52060
2018,2,Jujuy,89913
2018,2,La Pampa,82552
2018,2,La Rioja,22865
2018,2,Mendoza,89146
2018,2,Misiones,134960
2018,2,Neuquén,78776
2018,2,Río Negro,87667
2018,2,Salta,169029
2018,2,San Juan,47920
2018,2,San Luis,57243
2018,2,Santa Cruz,53338
2018,2,Santa Fe,615398
2018,2,Santiago Del Estero,96384
2018,2,Tierra Del Fuego,41093
2018,2,Tucumán,119017
2018,1,Buenos Aires,2654174
2018,1,Capital Federal,741516
2018,1,Catamarca,89005
2018,1,Chaco,109742
2018,1,Chubut,72825
2018,1,Córdoba,1104478
2018,1,Corrientes,105865
2018,1,Entre Ríos,210310
2018,1,Formosa,52510
2018,1,Jujuy,88658
2018,1,La Pampa,83823
2018,1,La Rioja,23758
2018,1,Mendoza,88337
2018,1,Misiones,134351
2018,1,Neuquén,77047
2018,1,Río Negro,90018
2018,1,Salta,175454
2018,1,San Juan,37444
2018,1,San Luis,61967
2018,1,Santa Cruz,53152
2018,1,Santa Fe,623481
2018,1,Santiago Del Estero,96378
2018,1,Tierra Del Fuego,40301
2018,1,Tucumán,117582
2017,4,Buenos Aires,2656799
2017,4,Capital Federal,740372
2017,4,Catamarca,29391
2017,4,Chaco,101423
2017,4,Chubut,71048
2017,4,Córdoba,1040718
2017,4,Corrientes,105842
2017,4,Entre Ríos,209564
2017,4,Formosa,49087
2017,4,Jujuy,87008
2017,4,La Pampa,84075
2017,4,La Rioja,23707
2017,4,Mendoza,113934
2017,4,Misiones,133485
2017,4,Neuquén,77174
2017,4,Río Negro,90862
2017,4,Salta,176445
2017,4,San Juan,39494
2017,4,San Luis,62682
2017,4,Santa Cruz,50206
2017,4,Santa Fe,628931
2017,4,Santiago del Estero,96330
2017,4,Tierra del Fuego,40083
2017,4,Tucumán,117365
2017,3,Buenos Aires,2571840
2017,3,Capital Federal,707800
2017,3,Catamarca,40773
2017,3,Chaco,90293
2017,3,Chubut,70166
2017,3,Córdoba,1024289
2017,3,Corrientes,93730
2017,3,Entre Ríos,165363
2017,3,Formosa,49376
2017,3,Jujuy,84664
2017,3,La Pampa,99694
2017,3,La Rioja,23965
2017,3,Mendoza,113715
2017,3,Misiones,125110
2017,3,Neuquén,109995
2017,3,Río Negro,57889
2017,3,Salta,254908
2017,3,San Juan,39530
2017,3,San Luis,62617
2017,3,Santa Cruz,47927
2017,3,Santa Fe,615939
2017,3,Santiago del Estero,97936
2017,3,Tierra del Fuego,39928
2017,3,Tucumán,179573
2017,2,Buenos Aires,2580455
2017,2,Capital Federal,708949
2017,2,Catamarca,40448
2017,2,Chaco,91455
2017,2,Chubut,72663
2017,2,Córdoba,1019606
2017,2,Corrientes,93029
2017,2,Entre Ríos,162496
2017,2,Formosa,47888
2017,2,Jujuy,84568
2017,2,La Pampa,99285
2017,2,La Rioja,24114
2017,2,Mendoza,113243
2017,2,Misiones,123028
2017,2,Neuquén,110681
2017,2,Río Negro,58240
2017,2,Salta,256395
2017,2,San Juan,40621
2017,2,San Luis,54893
2017,2,Santa Cruz,50140
2017,2,Santa Fe,618927
2017,2,Santiago del Estero,97231
2017,2,Tierra del Fuego,38896
2017,2,Tucumán,179233
2017,1,Buenos Aires,2572848
2017,1,Capital Federal,708805
2017,1,Catamarca,29655
2017,1,Chaco,87920
2017,1,Chubut,72838
2017,1,Córdoba,1022544
2017,1,Corrientes,93332
2017,1,Entre Ríos,160444
2017,1,Formosa,48699
2017,1,Jujuy,84116
2017,1,La Pampa,101390
2017,1,La Rioja,24415
2017,1,Mendoza,116672
2017,1,Misiones,123346
2017,1,Neuquén,110781
2017,1,Río Negro,52481
2017,1,Salta,171113
2017,1,San Juan,40819
2017,1,San Luis,57104
2017,1,Santa Cruz,50321
2017,1,Santa Fe,612749
2017,1,Santiago del Estero,97561
2017,1,Tierra del Fuego,38724
2017,1,Tucumán,124655
2016,4,Buenos Aires,2535921
2016,4,Capital Federal,712478
2016,4,Catamarca,30124
2016,4,Chaco,88363
2016,4,Chubut,72721
2016,4,Córdoba,1009280
2016,4,Corrientes,93490
2016,4,Entre Ríos,155923
2016,4,Formosa,46293
2016,4,Jujuy,81754
2016,4,La Pampa,100574
2016,4,La Rioja,25719
2016,4,Mendoza,116997
2016,4,Misiones,123220
2016,4,Neuquén,110825
2016,4,Río Negro,54014
2016,4,Salta,172942
2016,4,San Juan,39847
2016,4,San Luis,54337
2016,4,Santa Cruz,50923
2016,4,Santa Fe,617120
2016,4,Santiago del Estero,98021
2016,4,Tierra del Fuego,38707
2016,4,Tucumán,124208
2016,3,Buenos Aires,2521023
2016,3,Capital Federal,716755
2016,3,Catamarca,29763
2016,3,Chaco,90191
2016,3,Chubut,72693
2016,3,Córdoba,1011257
2016,3,Corrientes,92783
2016,3,Entre Ríos,155482
2016,3,Formosa,46371
2016,3,Jujuy,84547
2016,3,La Pampa,90884
2016,3,La Rioja,24599
2016,3,Mendoza,116331
2016,3,Misiones,122505
2016,3,Neuquén,110917
2016,3,Río Negro,54503
2016,3,Salta,172479
2016,3,San Juan,42357
2016,3,San Luis,54078
2016,3,Santa Cruz,51191
2016,3,Santa Fe,614627
2016,3,Santiago del Estero,99070
2016,3,Tierra del Fuego,38592
2016,3,Tucumán,125384
2016,2,Buenos Aires,2516810
2016,2,Capital Federal,717928
2016,2,Catamarca,29641
2016,2,Chaco,94320
2016,2,Chubut,72833
2016,2,Córdoba,1005624
2016,2,Corrientes,92714
2016,2,Entre Ríos,155110
2016,2,Formosa,46382
2016,2,Jujuy,85293
2016,2,La Pampa,89647
2016,2,La Rioja,24385
2016,2,Mendoza,116159
2016,2,Misiones,122257
2016,2,Neuquén,111025
2016,2,Río Negro,54753
2016,2,Salta,174345
2016,2,San Juan,42414
2016,2,San Luis,53963
2016,2,Santa Cruz,51724
2016,2,Santa Fe,615206
2016,2,Santiago del Estero,99076
2016,2,Tierra del Fuego,38086
2016,2,Tucumán,124686
2016,1,Buenos Aires,2503121
2016,1,Capital Federal,720018
2016,1,Catamarca,29207
2016,1,Chaco,91403
2016,1,Chubut,68242
2016,1,Córdoba,998906
2016,1,Corrientes,92425
2016,1,Entre Ríos,154253
2016,1,Formosa,46370
2016,1,Jujuy,84849
2016,1,La Pampa,89605
2016,1,La Rioja,24225
2016,1,Mendoza,116180
2016,1,Misiones,121064
2016,1,Neuquén,111050
2016,1,Río Negro,54900
2016,1,Salta,170519
2016,1,San Juan,42207
2016,1,San Luis,54984
2016,1,Santa Cruz,54419
2016,1,Santa Fe,610811
2016,1,Santiago del Estero,98890
2016,1,Tierra del Fuego,38875
2016,1,Tucumán,129189
2015,4,Buenos Aires,2504956
2015,4,Capital Federal,716866
2015,4,Catamarca,29356
2015,4,Chaco,90819
2015,4,Chubut,68847
2015,4,Córdoba,994334
2015,4,Corrientes,94401
2015,4,Entre Ríos,154461
2015,4,Formosa,46385
2015,4,Jujuy,86586
2015,4,La Pampa,87160
2015,4,La Rioja,25151
2015,4,Mendoza,116883
2015,4,Misiones,119199
2015,4,Neuquén,111106
2015,4,Río Negro,56550
2015,4,Salta,172954
2015,4,San Juan,44239
2015,4,San Luis,54524
2015,4,Santa Cruz,55004
2015,4,Santa Fe,613513
2015,4,Santiago del Estero,99921
2015,4,Tierra del Fuego,37687
2015,4,Tucumán,125200
2015,3,Buenos Aires,2505777
2015,3,Capital Federal,715814
2015,3,Catamarca,29089
2015,3,Chaco,92709
2015,3,Chubut,68820
2015,3,Córdoba,986247
2015,3,Corrientes,92364
2015,3,Entre Ríos,153615
2015,3,Formosa,46414
2015,3,Jujuy,85777
2015,3,La Pampa,86107
2015,3,La Rioja,25779
2015,3,Mendoza,117481
2015,3,Misiones,118527
2015,3,Neuquén,111307
2015,3,Río Negro,57112
2015,3,Salta,170310
2015,3,San Juan,43576
2015,3,San Luis,54728
2015,3,Santa Cruz,54965
2015,3,Santa Fe,613455
2015,3,Santiago del Estero,99599
2015,3,Tierra del Fuego,37053
2015,3,Tucumán,122680
2015,2,Buenos Aires,2522599
2015,2,Capital Federal,693278
2015,2,Catamarca,28518
2015,2,Chaco,91438
2015,2,Chubut,68762
2015,2,Córdoba,979028
2015,2,Corrientes,91645
2015,2,Entre Ríos,153882
2015,2,Formosa,46356
2015,2,Jujuy,83523
2015,2,La Pampa,82878
2015,2,La Rioja,25403
2015,2,Mendoza,116704
2015,2,Misiones,116298
2015,2,Neuquén,111237
2015,2,Río Negro,58204
2015,2,Salta,169164
2015,2,San Juan,43565
2015,2,San Luis,55558
2015,2,Santa Cruz,54155
2015,2,Santa Fe,611604
2015,2,Santiago del Estero,98712
2015,2,Tierra del Fuego,36057
2015,2,Tucumán,121485
2015,1,Buenos Aires,2502399
2015,1,Capital Federal,690175
2015,1,Catamarca,28098
2015,1,Chaco,91617
2015,1,Chubut,68561
2015,1,Córdoba,974705
2015,1,Corrientes,90410
2015,1,Entre Ríos,151985
2015,1,Formosa,46316
2015,1,Jujuy,80056
2015,1,La Pampa,81292
2015,1,La Rioja,25553
2015,1,Mendoza,115783
2015,1,Misiones,114278
2015,1,Neuquén,111183
2015,1,Río Negro,57497
2015,1,Salta,168225
2015,1,San Juan,43939
2015,1,San Luis,55603
2015,1,Santa Cruz,54518
2015,1,Santa Fe,604333
2015,1,Santiago del Estero,98247
2015,1,Tierra del Fuego,35399
2015,1,Tucumán,119332
2014,4,Buenos Aires,2492829
2014,4,Capital Federal,690404
2014,4,Catamarca,28249
2014,4,Chaco,91003
2014,4,Chubut,68381
2014,4,Córdoba,976250
2014,4,Corrientes,91210
2014,4,Entre Ríos,151868
2014,4,Formosa,46590
2014,4,Jujuy,79331
2014,4,La Pampa,79733
2014,4,La Rioja,26337
2014,4,Mendoza,116149
2014,4,Misiones,112595
2014,4,Neuquén,154765
2014,4,Río Negro,58053
2014,4,Salta,166843
2014,4,San Juan,42970
2014,4,San Luis,55289
2014,4,Santa Cruz,44012
2014,4,Santa Fe,652071
2014,4,Santiago del Estero,98334
2014,4,Tierra del Fuego,34741
2014,4,Tucumán,120037
2014,3,Buenos Aires,2479337
2014,3,Capital Federal,689381
2014,3,Catamarca,27544
2014,3,Chaco,85608
2014,3,Chubut,68472
2014,3,Córdoba,975850
2014,3,Corrientes,89802
2014,3,Entre Ríos,150597
2014,3,Formosa,46428
2014,3,Jujuy,73976
2014,3,La Pampa,77927
2014,3,La Rioja,24594
2014,3,Mendoza,116918
2014,3,Misiones,115847
2014,3,Neuquén,154805
2014,3,Río Negro,58165
2014,3,Salta,166681
2014,3,San Juan,42753
2014,3,San Luis,54824
2014,3,Santa Cruz,43728
2014,3,Santa Fe,654067
2014,3,Santiago del Estero,97796
2014,3,Tierra del Fuego,35025
2014,3,Tucumán,119720
2014,2,Buenos Aires,2477696
2014,2,Capital Federal,692311
2014,2,Catamarca,27382
2014,2,Chaco,85726
2014,2,Chubut,68578
2014,2,Córdoba,974174
2014,2,Corrientes,88423
2014,2,Entre Ríos,148123
2014,2,Formosa,46553
2014,2,Jujuy,71984
2014,2,La Pampa,76732
2014,2,La Rioja,25071
2014,2,Mendoza,116281
2014,2,Misiones,114366
2014,2,Neuquén,154762
2014,2,Río Negro,58097
2014,2,Salta,166019
2014,2,San Juan,42146
2014,2,San Luis,55697
2014,2,Santa Cruz,46547
2014,2,Santa Fe,650114
2014,2,Santiago del Estero,96849
2014,2,Tierra del Fuego,34726
2014,2,Tucumán,120165
2014,1,Buenos Aires,2363240
2014,1,Capital Federal,691440
2014,1,Catamarca,18239
2014,1,Chaco,88112
2014,1,Chubut,68671
2014,1,Córdoba,511023
2014,1,Corrientes,61056
2014,1,Entre Ríos,109137
2014,1,Formosa,30013
2014,1,Jujuy,64535
2014,1,La Pampa,67773
2014,1,La Rioja,25108
2014,1,Mendoza,106933
2014,1,Misiones,99220
2014,1,Neuquén,105837
2014,1,Río Negro,40129
2014,1,Salta,123120
2014,1,San Juan,42011
2014,1,San Luis,16869
2014,1,Santa Cruz,21133
2014,1,Santa Fe,546523
2014,1,Santiago del Estero,92972
2014,1,Tierra del Fuego,29886
2014,1,Tucumán,111552
